Model,Accuracy,Recall,AUC
Baseline,0.74,0.0,0.5
RandomForest,0.825,0.5192307692307693,0.859927234927235
XGBoost,0.79,0.5,0.8573284823284824
